ra,dec,r,name,ra_hms,dec_dms,ra_deg,dec_deg,z,imag,comment
245.962043428676,-0.358594246583381,10.99666,J162346.09-002218.1,8/25/2017 4:23:46 PM,-00:22:18.1,245.942,-0.3716944,2.37,19.9,N-rich_QSO
245.956065967636,-0.361104716291351,16.75969,J162346.09-002218.1,8/25/2017 4:23:46 PM,-00:22:18.1,245.942,-0.3716944,2.37,19.9,N-rich_QSO
245.949332903606,-0.35778304906115,14.83478,J162346.09-002218.1,8/25/2017 4:23:46 PM,-00:22:18.1,245.942,-0.3716944,2.37,19.9,N-rich_QSO
245.949072252681,-0.357810429166284,14.87511,J162346.09-002218.1,8/25/2017 4:23:46 PM,-00:22:18.1,245.942,-0.3716944,2.37,19.9,N-rich_QSO
245.948436620907,-0.361589719117652,15.39293,J162346.09-002218.1,8/25/2017 4:23:46 PM,-00:22:18.1,245.942,-0.3716944,2.37,19.9,N-rich_QSO
245.930391481654,-0.385317381211567,15.57381,J162346.09-002218.1,8/25/2017 4:23:46 PM,-00:22:18.1,245.942,-0.3716944,2.37,19.9,N-rich_QSO
245.928078921528,-0.371874132994314,16.43674,J162346.09-002218.1,8/25/2017 4:23:46 PM,-00:22:18.1,245.942,-0.3716944,2.37,19.9,N-rich_QSO
245.924461352531,-0.388224882059273,15.85233,J162346.09-002218.1,8/25/2017 4:23:46 PM,-00:22:18.1,245.942,-0.3716944,2.37,19.9,N-rich_QSO
256.709943501529,21.5056858693302,13.00504,J170648.49+212918.0,8/25/2017 5:06:48 PM,+21:29:18.0,256.7021,21.48833,1.901,19.09,N-rich_QSO
256.866768155992,22.1791540706704,15.81072,J170731.74+221151.3,8/25/2017 5:07:31 PM,+22:11:51.3,256.8823,22.19758,1.857,18.9,N-rich_QSO
256.862699873668,22.1907732744752,16.75439,J170731.74+221151.3,8/25/2017 5:07:31 PM,+22:11:51.3,256.8823,22.19758,1.857,18.9,N-rich_QSO
255.836882547612,23.2000000100021,16.10604,J170322.41+231243.3,8/25/2017 5:03:22 PM,+23:12:43.3,255.8434,23.21203,2.625,18.02,N-rich_QSO
255.849894140383,23.2186052154647,15.48709,J170322.41+231243.3,8/25/2017 5:03:22 PM,+23:12:43.3,255.8434,23.21203,2.625,18.02,N-rich_QSO
255.836350968495,23.2255190256453,16.14858,J170322.41+231243.3,8/25/2017 5:03:22 PM,+23:12:43.3,255.8434,23.21203,2.625,18.02,N-rich_QSO
243.360513355004,6.83985829319661,14.08747,J161326.22+064958.6,8/25/2017 4:13:26 PM,+06:49:58.6,243.3593,6.832944,1.941,17.72,N-rich_QSO
250.469438633563,22.5340767050142,16.59087,J164148.19+223225.2,8/25/2017 4:41:48 PM,+22:32:25.2,250.4508,22.54033,2.506,18.8,N-rich_QSO
250.447082714498,22.5227101448171,14.88525,J164148.19+223225.2,8/25/2017 4:41:48 PM,+22:32:25.2,250.4508,22.54033,2.506,18.8,N-rich_QSO
250.460445389287,22.5494515907852,14.73091,J164148.19+223225.2,8/25/2017 4:41:48 PM,+22:32:25.2,250.4508,22.54033,2.506,18.8,N-rich_QSO
250.348752153996,22.9502671372283,16.08092,J164125.22+225704.0,8/25/2017 4:41:25 PM,+22:57:04.0,250.3551,22.95111,2.063,18.74,N-rich_QSO
251.913164302391,25.8757317739894,16.71336,J164737.91+255337.9,8/25/2017 4:47:37 PM,+25:53:37.9,251.908,25.89386,3.376,19.97,N-rich_QSO
251.923031438043,25.8963635073072,16.67851,J164737.91+255337.9,8/25/2017 4:47:37 PM,+25:53:37.9,251.908,25.89386,3.376,19.97,N-rich_QSO
251.894603591025,25.8796914212028,15.62674,J164737.91+255337.9,8/25/2017 4:47:37 PM,+25:53:37.9,251.908,25.89386,3.376,19.97,N-rich_QSO
251.923688559763,25.9077497259419,16.81147,J164737.91+255337.9,8/25/2017 4:47:37 PM,+25:53:37.9,251.908,25.89386,3.376,19.97,N-rich_QSO
246.060362043427,22.0618790288861,16.95584,J162411.38+220428.0,8/25/2017 4:24:11 PM,+22:04:28.0,246.0474,22.07444,2.005,19.11,N-rich_QSO
246.041730541813,22.0552854841763,16.10152,J162411.38+220428.0,8/25/2017 4:24:11 PM,+22:04:28.0,246.0474,22.07444,2.005,19.11,N-rich_QSO
246.051497607248,22.0883626549374,13.72622,J162411.38+220428.0,8/25/2017 4:24:11 PM,+22:04:28.0,246.0474,22.07444,2.005,19.11,N-rich_QSO
237.531910588809,3.22915629091923,16.72585,J155003.70+031325.0,8/25/2017 3:50:03 PM,+03:13:25.0,237.5154,3.223611,1.788,17.35,N-rich_QSO
237.524450392923,3.2356782927223,15.20309,J155003.70+031325.0,8/25/2017 3:50:03 PM,+03:13:25.0,237.5154,3.223611,1.788,17.35,N-rich_QSO
237.52175183318,3.23685933619926,13.99686,J155003.70+031325.0,8/25/2017 3:50:03 PM,+03:13:25.0,237.5154,3.223611,1.788,17.35,N-rich_QSO
237.514218061402,3.23354669901789,16.99503,J155003.70+031325.0,8/25/2017 3:50:03 PM,+03:13:25.0,237.5154,3.223611,1.788,17.35,N-rich_QSO
237.497996357045,3.21131894412504,16.39954,J155003.70+031325.0,8/25/2017 3:50:03 PM,+03:13:25.0,237.5154,3.223611,1.788,17.35,N-rich_QSO
243.172913275773,25.2585707358709,15.1928,J161243.14+251608.8,8/25/2017 4:12:43 PM,+25:16:08.8,243.1797,25.26911,1.805,18.59,N-rich_QSO
243.160363039803,25.2658953519894,15.63735,J161243.14+251608.8,8/25/2017 4:12:43 PM,+25:16:08.8,243.1797,25.26911,1.805,18.59,N-rich_QSO
233.349878848294,1.0846717480297,16.68882,J153322.52+010543.5,8/25/2017 3:33:22 PM,+01:05:43.5,233.3438,1.095417,1.781,18.94,N-rich_QSO
240.530521207688,28.3148938129159,10.97118,J160210.30+281744.3,8/25/2017 4:02:10 PM,+28:17:44.3,240.5429,28.29564,3.164,19.08,N-rich_QSO
253.788284845179,37.528635200661,14.48703,J165508.72+373244.6,8/25/2017 4:55:08 PM,+37:32:44.6,253.7863,37.54572,2.092,18.88,N-rich_QSO
253.771868408614,37.5381860957827,16.81821,J165508.72+373244.6,8/25/2017 4:55:08 PM,+37:32:44.6,253.7863,37.54572,2.092,18.88,N-rich_QSO
229.259408930787,3.49270133497438,16.43937,J151658.64+032849.6,8/25/2017 3:16:58 PM,+03:28:49.6,229.2443,3.480444,2.851,19.23,N-rich_QSO
229.254452452314,3.49424427895974,16.53552,J151658.64+032849.6,8/25/2017 3:16:58 PM,+03:28:49.6,229.2443,3.480444,2.851,19.23,N-rich_QSO
229.253841404563,3.49357401167633,16.32209,J151658.64+032849.6,8/25/2017 3:16:58 PM,+03:28:49.6,229.2443,3.480444,2.851,19.23,N-rich_QSO
245.477721093497,34.0930468521176,15.9863,J162151.74+340559.0,8/25/2017 4:21:51 PM,+34:05:59.0,245.4656,34.09972,1.803,16.83,N-rich_QSO
245.447693708461,34.0978567021768,13.26352,J162151.74+340559.0,8/25/2017 4:21:51 PM,+34:05:59.0,245.4656,34.09972,1.803,16.83,N-rich_QSO
245.448764946276,34.1117849894336,14.20404,J162151.74+340559.0,8/25/2017 4:21:51 PM,+34:05:59.0,245.4656,34.09972,1.803,16.83,N-rich_QSO
245.455303515106,34.1189094513718,16.65874,J162151.74+340559.0,8/25/2017 4:21:51 PM,+34:05:59.0,245.4656,34.09972,1.803,16.83,N-rich_QSO
226.098012229767,-1.83468769393676,13.09131,J150418.76-015039.7,8/25/2017 3:04:18 PM,-01:50:39.7,226.0782,-1.844361,1.84,17.79,N-rich_QSO
226.092513614495,-1.85119261189167,16.40352,J150418.76-015039.7,8/25/2017 3:04:18 PM,-01:50:39.7,226.0782,-1.844361,1.84,17.79,N-rich_QSO
226.087135810513,-1.85551316717638,15.01059,J150418.76-015039.7,8/25/2017 3:04:18 PM,-01:50:39.7,226.0782,-1.844361,1.84,17.79,N-rich_QSO
236.699646312141,31.2911531867645,15.03916,J154644.24+311711.3,8/25/2017 3:46:44 PM,+31:17:11.3,236.6843,31.28647,2.122,19.16,N-rich_QSO
225.014607752848,-1.64349273158093,16.95324,J145958.75-013742.4,8/25/2017 2:59:58 PM,-01:37:42.4,224.9948,-1.628444,1.738,18.84,N-rich_QSO
224.997618514333,-1.6090664188307,14.5925,J145958.75-013742.4,8/25/2017 2:59:58 PM,-01:37:42.4,224.9948,-1.628444,1.738,18.84,N-rich_QSO
224.992977370942,-1.62024066126408,14.37007,J145958.75-013742.4,8/25/2017 2:59:58 PM,-01:37:42.4,224.9948,-1.628444,1.738,18.84,N-rich_QSO
224.985919689315,-1.64142063155058,15.97271,J145958.75-013742.4,8/25/2017 2:59:58 PM,-01:37:42.4,224.9948,-1.628444,1.738,18.84,N-rich_QSO
224.977051297767,-1.63177901457635,16.78193,J145958.75-013742.4,8/25/2017 2:59:58 PM,-01:37:42.4,224.9948,-1.628444,1.738,18.84,N-rich_QSO
224.579726451925,0.635304248349934,-9999,J145815.22+003908.7,8/25/2017 2:58:15 PM,+00:39:08.7,224.5634,0.6524166,2.022,18.88,N-rich_QSO
224.570425118167,0.634808510085871,-9999,J145815.22+003908.7,8/25/2017 2:58:15 PM,+00:39:08.7,224.5634,0.6524166,2.022,18.88,N-rich_QSO
224.559928625143,-0.684496922941896,16.38207,J145817.52-004115.7,8/25/2017 2:58:17 PM,-00:41:15.7,224.573,-0.6876944,2.618,18.69,N-rich_QSO
224.556721685994,0.634896998535765,-9999,J145815.22+003908.7,8/25/2017 2:58:15 PM,+00:39:08.7,224.5634,0.6524166,2.022,18.88,N-rich_QSO
224.547027642425,0.634712536204762,-9999,J145815.22+003908.7,8/25/2017 2:58:15 PM,+00:39:08.7,224.5634,0.6524166,2.022,18.88,N-rich_QSO
242.827546868317,39.579023551845,15.61332,J161118.02+393350.9,8/25/2017 4:11:18 PM,+39:33:50.9,242.8251,39.56414,1.724,17.82,N-rich_QSO
247.331800400891,46.3684830557753,16.80294,J162923.06+462311.2,8/25/2017 4:29:23 PM,+46:23:11.2,247.3461,46.38644,1.718,18.95,N-rich_QSO
247.327481749988,46.3901507382191,13.31712,J162923.06+462311.2,8/25/2017 4:29:23 PM,+46:23:11.2,247.3461,46.38644,1.718,18.95,N-rich_QSO
217.451280767151,11.7083382044118,16.687,J142947.70+114316.7,8/25/2017 2:29:47 PM,+11:43:16.7,217.4487,11.72131,2.408,18.91,N-rich_QSO
245.251918155856,49.3301781026666,14.41761,J162102.73+491921.5,8/25/2017 4:21:02 PM,+49:19:21.5,245.2614,49.32264,3.143,19.32,N-rich_QSO
228.976128936837,38.589521229856,14.34358,J151557.86+383604.3,8/25/2017 3:15:57 PM,+38:36:04.3,228.9911,38.6012,1.71,18.24,N-rich_QSO
228.987060738152,38.6061416731078,15.95242,J151557.86+383604.3,8/25/2017 3:15:57 PM,+38:36:04.3,228.9911,38.6012,1.71,18.24,N-rich_QSO
228.982142503346,38.6013846571409,16.28238,J151557.86+383604.3,8/25/2017 3:15:57 PM,+38:36:04.3,228.9911,38.6012,1.71,18.24,N-rich_QSO
225.574752318796,35.9263154389235,15.19807,J150217.11+355459.0,8/25/2017 3:02:17 PM,+35:54:59.0,225.5713,35.91639,3.35,18.67,N-rich_QSO
224.953195885234,37.4807344935948,16.3291,J145953.20+372822.4,8/25/2017 2:59:53 PM,+37:28:22.4,224.9717,37.47289,2.801,19.47,N-rich_QSO
214.030231882924,-0.604726969030632,15.94826,J141608.47-003712.3,8/25/2017 2:16:08 PM,-00:37:12.3,214.0353,-0.6200833,1.918,18.88,N-rich_QSO
214.026354589892,-0.631642245775084,15.26357,J141608.47-003712.3,8/25/2017 2:16:08 PM,-00:37:12.3,214.0353,-0.6200833,1.918,18.88,N-rich_QSO
242.429461145365,52.4353384208561,15.70207,J160943.35+522550.8,8/25/2017 4:09:43 PM,+52:25:50.8,242.4306,52.43078,2.703,18.58,N-rich_QSO
242.423522588177,52.4473768999303,16.02556,J160943.35+522550.8,8/25/2017 4:09:43 PM,+52:25:50.8,242.4306,52.43078,2.703,18.58,N-rich_QSO
217.327376939712,34.6491259434191,16.68057,J142915.19+343820.3,8/25/2017 2:29:15 PM,+34:38:20.3,217.3133,34.63897,2.351,18.53,N-rich_QSO
231.485565951578,51.6173918203085,15.72389,J152553.89+513649.1,8/25/2017 3:25:53 PM,+51:36:49.1,231.4745,51.61364,2.882,16.54,N-rich_QSO
231.474569259784,51.6136579002474,16.84979,J152553.89+513649.1,8/25/2017 3:25:53 PM,+51:36:49.1,231.4745,51.61364,2.882,16.54,N-rich_QSO
231.45591854293,51.6262918237187,15.8638,J152553.89+513649.1,8/25/2017 3:25:53 PM,+51:36:49.1,231.4745,51.61364,2.882,16.54,N-rich_QSO
222.012305580828,44.151070964839,16.95139,J144805.84+440806.4,8/25/2017 2:48:05 PM,+44:08:06.4,222.0243,44.13511,3.284,19.74,N-rich_QSO
223.441749373018,48.4794223512425,12.17827,J145349.70+482740.3,8/25/2017 2:53:49 PM,+48:27:40.3,223.4571,48.46119,1.72,18.81,N-rich_QSO
218.477189723689,45.2805879758282,15.76837,J143352.38+451612.7,8/25/2017 2:33:52 PM,+45:16:12.7,218.4682,45.2702,1.76,18.96,N-rich_QSO
232.858045030863,56.8037300220516,13.83933,J153122.56+564710.3,8/25/2017 3:31:22 PM,+56:47:10.3,232.844,56.78619,2.044,19.37,N-rich_QSO
259.309564736752,64.0435214040348,14.52853,J171712.87+640344.7,8/25/2017 5:17:12 PM,+64:03:44.7,259.3036,64.06242,2.103,18.59,N-rich_QSO
256.771317376123,64.705810034811,15.29262,J170704.87+644303.2,8/25/2017 5:07:04 PM,+64:43:03.2,256.7703,64.71755,3.163,18.33,N-rich_QSO
256.770115046463,64.7145472662464,16.033,J170704.87+644303.2,8/25/2017 5:07:04 PM,+64:43:03.2,256.7703,64.71755,3.163,18.33,N-rich_QSO
227.770020978637,56.1697762946582,16.05155,J151100.30+560958.9,8/25/2017 3:11:00 PM,+56:09:58.9,227.7513,56.16636,1.771,18.85,N-rich_QSO
227.750066822598,56.1615594710062,14.60911,J151100.30+560958.9,8/25/2017 3:11:00 PM,+56:09:58.9,227.7513,56.16636,1.771,18.85,N-rich_QSO
207.191331341705,25.5903203706893,16.88899,J134848.72+253511.8,8/25/2017 1:48:48 PM,+25:35:11.8,207.203,25.58661,1.775,18.67,N-rich_QSO
207.186585039721,25.5896355885155,16.06774,J134848.72+253511.8,8/25/2017 1:48:48 PM,+25:35:11.8,207.203,25.58661,1.775,18.67,N-rich_QSO
227.740128630779,56.175765499275,14.23986,J151100.30+560958.9,8/25/2017 3:11:00 PM,+56:09:58.9,227.7513,56.16636,1.771,18.85,N-rich_QSO
204.273574666235,-2.77374785226349,16.2021,J133701.39-024630.3,8/25/2017 1:37:01 PM,-02:46:30.3,204.2558,-2.775083,3.05,18.41,N-rich_QSO
204.257045847997,-2.76978455222389,16.79036,J133701.39-024630.3,8/25/2017 1:37:01 PM,-02:46:30.3,204.2558,-2.775083,3.05,18.41,N-rich_QSO
204.24814160185,-2.79162643464244,12.50277,J133701.39-024630.3,8/25/2017 1:37:01 PM,-02:46:30.3,204.2558,-2.775083,3.05,18.41,N-rich_QSO
216.974905381461,47.5323012559376,16.81208,J142756.71+473148.4,8/25/2017 2:27:56 PM,+47:31:48.4,216.9863,47.53011,1.97,19.07,N-rich_QSO
201.476102867769,-1.56814762120634,15.09541,J132551.56-013509.6,8/25/2017 1:25:51 PM,-01:35:09.6,201.4648,-1.586,1.975,19.64,N-rich_QSO
338.542178542688,0.0126305031984768,15.62715,J223408.99+000001.6,8/25/2017 10:34:08 PM,+00:00:01.6,338.5374,0.0004444444,3.025,17.08,N-rich_QSO
338.550746021082,-0.00840239500580933,16.80526,J223408.99+000001.6,8/25/2017 10:34:08 PM,+00:00:01.6,338.5374,0.0004444444,3.025,17.08,N-rich_QSO
338.278734979116,-8.90077761855517,14.6655,J223308.78-085445.4,8/25/2017 10:33:08 PM,-08:54:45.4,338.2866,-8.912611,1.853,18.66,N-rich_QSO
338.280112601282,-8.92576259490483,15.04934,J223308.78-085445.4,8/25/2017 10:33:08 PM,-08:54:45.4,338.2866,-8.912611,1.853,18.66,N-rich_QSO
339.661443740015,14.353119691911,15.26828,J223841.88+142154.9,8/25/2017 10:38:41 PM,+14:21:54.9,339.6745,14.36525,2.29,19.02,N-rich_QSO
339.664278475831,14.3728553084503,16.82854,J223841.88+142154.9,8/25/2017 10:38:41 PM,+14:21:54.9,339.6745,14.36525,2.29,19.02,N-rich_QSO
339.688798554256,14.3714988929336,14.56041,J223841.88+142154.9,8/25/2017 10:38:41 PM,+14:21:54.9,339.6745,14.36525,2.29,19.02,N-rich_QSO
339.691833285374,14.3764865899032,14.6773,J223841.88+142154.9,8/25/2017 10:38:41 PM,+14:21:54.9,339.6745,14.36525,2.29,19.02,N-rich_QSO
206.095158782138,40.5208155281795,16.9728,J134419.43+403220.0,8/25/2017 1:44:19 PM,+40:32:20.0,206.081,40.53889,1.884,17.73,N-rich_QSO
206.076658422637,40.5524218207288,15.12738,J134419.43+403220.0,8/25/2017 1:44:19 PM,+40:32:20.0,206.081,40.53889,1.884,17.73,N-rich_QSO
198.71436315403,4.10538908118115,16.98857,J131446.65+040609.4,8/25/2017 1:14:46 PM,+04:06:09.4,198.6944,4.102611,2.361,18.9,N-rich_QSO
198.711776046148,4.08487253162711,16.70252,J131446.65+040609.4,8/25/2017 1:14:46 PM,+04:06:09.4,198.6944,4.102611,2.361,18.9,N-rich_QSO
198.976097185651,13.4503179733016,15.4593,J131551.68+132620.6,8/25/2017 1:15:51 PM,+13:26:20.6,198.9653,13.43906,2.234,18.43,N-rich_QSO
197.211626073289,-0.826395443115989,15.76025,J130846.76-005047.0,8/25/2017 1:08:46 PM,-00:50:47.0,197.1948,-0.8463889,2.093,18.81,N-rich_QSO
197.04075207077,11.5976878050034,15.14449,J130811.96+113609.2,8/25/2017 1:08:11 PM,+11:36:09.2,197.0498,11.60256,2.101,17.7,N-rich_QSO
210.157290096032,56.1109930440297,12.11489,J140038.14+560624.6,8/25/2017 2:00:38 PM,+56:06:24.6,210.1589,56.10683,2.906,19.41,N-rich_QSO
204.49334278823,50.4306088806889,16.1487,J133802.28+502625.6,8/25/2017 1:38:02 PM,+50:26:25.6,204.5095,50.44044,2.448,18.05,N-rich_QSO
198.497307417913,41.877594943751,9.697213,J131403.48+415203.9,8/25/2017 1:14:03 PM,+41:52:03.9,198.5145,41.86775,1.845,18.45,N-rich_QSO
190.477551516712,12.5194651422258,14.68729,J124158.18+123059.3,8/25/2017 12:41:58 PM,+12:30:59.3,190.4924,12.51647,2.971,19.52,N-rich_QSO
188.751016420719,1.35151635361135,13.90351,J123500.75+012041.6,8/25/2017 12:35:00 PM,+01:20:41.6,188.7531,1.344889,1.964,18.73,N-rich_QSO
188.734646749126,1.34978088456882,13.75392,J123500.75+012041.6,8/25/2017 12:35:00 PM,+01:20:41.6,188.7531,1.344889,1.964,18.73,N-rich_QSO
188.733544877799,1.34300221624346,16.9537,J123500.75+012041.6,8/25/2017 12:35:00 PM,+01:20:41.6,188.7531,1.344889,1.964,18.73,N-rich_QSO
188.464007861271,15.0425726666906,16.79027,J123354.39+150203.7,8/25/2017 12:33:54 PM,+15:02:03.7,188.4766,15.03436,1.744,18.13,N-rich_QSO
190.429051246891,40.3980076126093,16.10725,J124143.43+402451.9,8/25/2017 12:41:43 PM,+40:24:51.9,190.431,40.41442,2.283,18.16,N-rich_QSO
190.41304025962,40.4333333586746,15.27301,J124143.43+402451.9,8/25/2017 12:41:43 PM,+40:24:51.9,190.431,40.41442,2.283,18.16,N-rich_QSO
187.848061112538,7.43724953332125,16.12001,J123120.55+072552.6,8/25/2017 12:31:20 PM,+07:25:52.6,187.8356,7.431278,2.39,17.77,N-rich_QSO
187.959646754545,13.8043587043273,14.81489,J123148.93+134924.4,8/25/2017 12:31:48 PM,+13:49:24.4,187.9539,13.82344,2.789,19.71,N-rich_QSO
197.91665178468,65.0121056133488,16.55728,J131138.39+650031.4,8/25/2017 1:11:38 PM,+65:00:31.4,197.91,65.00872,2.122,19.07,N-rich_QSO
188.711377739738,37.9394768732016,16.88564,J123450.00+375530.3,8/25/2017 12:34:50 PM,+37:55:30.3,188.7083,37.92508,3.138,19.04,N-rich_QSO
186.478814001617,16.1564119101216,16.99724,J122559.13+161021.2,8/25/2017 12:25:59 PM,+16:10:21.2,186.4964,16.17256,1.939,18.56,N-rich_QSO
354.029408789002,-9.90410421707365,16.44755,J233611.64-095427.4,8/25/2017 11:36:11 PM,-09:54:27.4,354.0485,-9.907611,1.78,18.36,N-rich_QSO
354.261729650992,15.7373164225588,15.71642,J233707.39+154332.9,8/25/2017 11:37:07 PM,+15:43:32.9,354.2808,15.72581,1.819,18.97,N-rich_QSO
354.265551839001,15.744888622732,15.30406,J233707.39+154332.9,8/25/2017 11:37:07 PM,+15:43:32.9,354.2808,15.72581,1.819,18.97,N-rich_QSO
354.265927033734,15.7334424438898,15.5297,J233707.39+154332.9,8/25/2017 11:37:07 PM,+15:43:32.9,354.2808,15.72581,1.819,18.97,N-rich_QSO
354.269396241094,15.7425910783162,14.68513,J233707.39+154332.9,8/25/2017 11:37:07 PM,+15:43:32.9,354.2808,15.72581,1.819,18.97,N-rich_QSO
354.292603640774,15.7208217833256,16.28923,J233707.39+154332.9,8/25/2017 11:37:07 PM,+15:43:32.9,354.2808,15.72581,1.819,18.97,N-rich_QSO
354.677559389188,-10.5386057935911,15.29256,J233843.69-103252.3,8/25/2017 11:38:43 PM,-10:32:52.3,354.682,-10.54786,1.757,18.98,N-rich_QSO
354.875209526079,0.488465624851842,16.97535,J233930.00+003017.3,8/25/2017 11:39:30 PM,+00:30:17.3,354.875,0.5048056,3.051,18.52,N-rich_QSO
188.210692587483,55.6979077849428,13.81983,J123255.00+554123.7,8/25/2017 12:32:55 PM,+55:41:23.7,188.2292,55.68992,1.987,18.14,N-rich_QSO
185.088625390434,45.8420430187406,16.65057,J122017.06+454941.1,8/25/2017 12:20:17 PM,+45:49:41.1,185.0711,45.82808,3.283,17.76,N-rich_QSO
187.73938906045,64.8977950293466,14.21501,J123055.31+645455.9,8/25/2017 12:30:55 PM,+64:54:55.9,187.7305,64.91553,1.759,18.84,N-rich_QSO
187.587789027503,64.7770234972395,16.65473,J123017.45+644707.4,8/25/2017 12:30:17 PM,+64:47:07.4,187.5727,64.78539,1.884,20.03,N-rich_QSO
185.408534347928,58.6995357935278,16.07038,J122142.44+584254.0,8/25/2017 12:21:42 PM,+58:42:54.0,185.4268,58.715,1.96,18.55,N-rich_QSO
182.816390841981,4.82954720396728,16.69386,J121113.56+044946.2,8/25/2017 12:11:13 PM,+04:49:46.2,182.8065,4.8295,2.318,18.88,N-rich_QSO
182.811343358111,4.81195585643738,16.30603,J121113.56+044946.2,8/25/2017 12:11:13 PM,+04:49:46.2,182.8065,4.8295,2.318,18.88,N-rich_QSO
183.43627601248,37.6216823829134,16.62814,J121347.74+373726.8,8/25/2017 12:13:47 PM,+37:37:26.8,183.4489,37.62411,1.804,18.16,N-rich_QSO
181.951597055824,33.4205409626141,13.14915,J120750.06+332426.5,8/25/2017 12:07:50 PM,+33:24:26.5,181.9586,33.40736,1.878,19.9,N-rich_QSO
358.527810761995,14.551270423397,16.48413,J235408.38+143153.5,8/25/2017 11:54:08 PM,+14:31:53.5,358.5349,14.53153,2.061,18.89,N-rich_QSO
180.855887629081,38.5628479530809,16.35782,J120323.50+383444.5,8/25/2017 12:03:23 PM,+38:34:44.5,180.8479,38.57903,1.753,18.94,N-rich_QSO
0.324602783258911,-1.046206654065,16.82182,J000118.40-010221.8,8/25/2017 12:01:18 AM,-01:02:21.8,0.3266667,-1.039389,1.968,19.38,N-rich_QSO
179.199841675598,43.9045443468938,14.88667,J115650.75+435521.4,8/25/2017 11:56:50 AM,+43:55:21.4,179.2115,43.92261,2.01,20.07,N-rich_QSO
178.56882020072,14.9180635035017,16.29402,J115419.40+145555.3,8/25/2017 11:54:19 AM,+14:55:55.3,178.5808,14.93203,1.711,17.98,N-rich_QSO
2.00391504420594,15.1428835370338,13.5828,J000759.40+150822.6,8/25/2017 12:07:59 AM,+15:08:22.6,1.9975,15.13961,1.968,18.84,N-rich_QSO
174.011251395608,65.4253947632076,15.02018,J113601.00+652533.6,8/25/2017 11:36:01 AM,+65:25:33.6,174.0042,65.426,2.238,19.15,N-rich_QSO
176.202518228056,43.9949008156239,14.09772,J114450.17+440016.6,8/25/2017 11:44:50 AM,+44:00:16.6,176.209,44.00461,1.808,18.13,N-rich_QSO
176.409840961423,7.34454272605083,16.47325,J114538.74+072148.4,8/25/2017 11:45:38 AM,+07:21:48.4,176.4114,7.363444,3.09,19.34,N-rich_QSO
176.403187900693,7.36186027210202,14.02163,J114538.74+072148.4,8/25/2017 11:45:38 AM,+07:21:48.4,176.4114,7.363444,3.09,19.34,N-rich_QSO
175.101807491677,37.4881583101543,12.72647,J114023.06+372815.1,8/25/2017 11:40:23 AM,+37:28:15.1,175.0961,37.47086,2.58,18.45,N-rich_QSO
175.649529140103,6.93358516129025,16.57548,J114231.31+065549.3,8/25/2017 11:42:31 AM,+06:55:49.3,175.6305,6.930361,1.82,18.06,N-rich_QSO
175.644870940654,6.93986352388362,12.4361,J114231.31+065549.3,8/25/2017 11:42:31 AM,+06:55:49.3,175.6305,6.930361,1.82,18.06,N-rich_QSO
175.292770867607,0.793279363658646,16.90536,J114112.29+004759.0,8/25/2017 11:41:12 AM,+00:47:59.0,175.3012,0.7997222,2.893,19.01,N-rich_QSO
174.62642433789,4.88722673162733,16.28924,J113826.65+045412.4,8/25/2017 11:38:26 AM,+04:54:12.4,174.611,4.903444,2.352,19.06,N-rich_QSO
174.158600994217,1.18106125222573,14.81534,J113638.66+011031.7,8/25/2017 11:36:38 AM,+01:10:31.7,174.1611,1.175472,2.131,19.41,N-rich_QSO
9.58065363651417,14.0479811355123,13.65194,J003815.92+140304.5,8/25/2017 12:38:15 AM,+14:03:04.5,9.566334,14.05125,2.717,19.66,N-rich_QSO
170.34774548284,12.6198693914978,14.97041,J112127.96+123816.1,8/25/2017 11:21:27 AM,+12:38:16.1,170.3665,12.63781,3.018,19.88,N-rich_QSO
166.800282249457,37.2931788124169,15.08759,J110708.54+371734.6,8/25/2017 11:07:08 AM,+37:17:34.6,166.7856,37.29295,2.13,18.76,N-rich_QSO
166.787165787908,37.2940857513374,15.82465,J110708.54+371734.6,8/25/2017 11:07:08 AM,+37:17:34.6,166.7856,37.29295,2.13,18.76,N-rich_QSO
166.769511303591,37.2757458634912,14.24554,J110708.54+371734.6,8/25/2017 11:07:08 AM,+37:17:34.6,166.7856,37.29295,2.13,18.76,N-rich_QSO
168.683835964622,13.2040636260933,16.5398,J111443.21+131118.8,8/25/2017 11:14:43 AM,+13:11:18.8,168.68,13.18856,1.808,18.4,N-rich_QSO
11.4892961562058,-0.371882871125444,15.82157,J004600.26-002122.4,8/25/2017 12:46:00 AM,-00:21:22.4,11.50108,-0.3562222,1.919,19.81,N-rich_QSO
11.5098439295416,-0.374668714476267,13.64452,J004600.26-002122.4,8/25/2017 12:46:00 AM,-00:21:22.4,11.50108,-0.3562222,1.919,19.81,N-rich_QSO
158.343293276674,56.6298593783493,14.70108,J103327.08+563829.5,8/25/2017 10:33:27 AM,+56:38:29.5,158.3628,56.64153,3.018,20.08,N-rich_QSO
167.712147151224,5.77904967894542,10.50084,J111049.28+054551.7,8/25/2017 11:10:49 AM,+05:45:51.7,167.7053,5.764361,1.749,19.06,N-rich_QSO
167.685286586584,4.93986366682866,15.39362,J111048.93+045608.0,8/25/2017 11:10:48 AM,+04:56:08.0,167.7039,4.935555,2.208,18.8,N-rich_QSO
163.754110245453,30.1124081232098,16.65234,J105505.38+300649.6,8/25/2017 10:55:05 AM,+30:06:49.6,163.7724,30.11378,1.797,18.62,N-rich_QSO
163.753177136704,30.1166448865938,16.47452,J105505.38+300649.6,8/25/2017 10:55:05 AM,+30:06:49.6,163.7724,30.11378,1.797,18.62,N-rich_QSO
161.824772907383,35.5200369133271,16.34176,J104713.16+353115.6,8/25/2017 10:47:13 AM,+35:31:15.6,161.8048,35.521,2.438,19.58,N-rich_QSO
15.3128496889073,14.9498945010225,14.50011,J010119.85+145635.2,8/25/2017 1:01:19 AM,+14:56:35.2,15.33271,14.94311,1.978,18.68,N-rich_QSO
155.706937976336,48.6260666072766,16.60601,J102250.16+483631.1,8/25/2017 10:22:50 AM,+48:36:31.1,155.709,48.60864,2.047,18.61,N-rich_QSO
152.807387383155,51.4257219714752,15.9516,J101117.21+512540.9,8/25/2017 10:11:17 AM,+51:25:40.9,152.8217,51.42803,1.814,18.29,N-rich_QSO
157.593042753563,37.9424253132905,13.47284,J103019.25+375545.8,8/25/2017 10:30:19 AM,+37:55:45.8,157.5802,37.92939,1.961,18.91,N-rich_QSO
150.362470277882,50.45337204311,16.59231,J100128.61+502756.8,8/25/2017 10:01:28 AM,+50:27:56.8,150.3692,50.46578,1.839,17.31,N-rich_QSO
150.360651587247,50.4532424883783,16.81525,J100128.61+502756.8,8/25/2017 10:01:28 AM,+50:27:56.8,150.3692,50.46578,1.839,17.31,N-rich_QSO
157.520406762736,32.4027027612215,14.48183,J103002.65+322429.0,8/25/2017 10:30:02 AM,+32:24:29.0,157.511,32.40805,2.134,19.62,N-rich_QSO
140.006931253779,59.2986031247098,16.97131,J092000.28+591701.4,8/25/2017 9:20:00 AM,+59:17:01.4,140.0012,59.28372,1.755,19.37,N-rich_QSO
139.988777256766,59.2972946796803,14.33892,J092000.28+591701.4,8/25/2017 9:20:00 AM,+59:17:01.4,140.0012,59.28372,1.755,19.37,N-rich_QSO
160.81807621544,0.798489309587092,16.57571,J104318.88+004747.2,8/25/2017 10:43:18 AM,+00:47:47.2,160.8287,0.7964444,2.552,19.17,N-rich_QSO
139.985735905738,59.2667504832479,14.98768,J092000.28+591701.4,8/25/2017 9:20:00 AM,+59:17:01.4,140.0012,59.28372,1.755,19.37,N-rich_QSO
159.371960434424,4.62905342024217,15.80781,J103729.59+043716.7,8/25/2017 10:37:29 AM,+04:37:16.7,159.3733,4.621305,1.833,18.53,N-rich_QSO
159.365423733418,4.6013996851742,16.49709,J103729.59+043716.7,8/25/2017 10:37:29 AM,+04:37:16.7,159.3733,4.621305,1.833,18.53,N-rich_QSO
144.991124150224,52.108168541066,16.82055,J093955.52+520717.7,8/25/2017 9:39:55 AM,+52:07:17.7,144.9813,52.12158,2.457,19.77,N-rich_QSO
144.962173774933,52.1357366389638,15.64158,J093955.52+520717.7,8/25/2017 9:39:55 AM,+52:07:17.7,144.9813,52.12158,2.457,19.77,N-rich_QSO
21.3618054087432,-10.4440562142348,15.67185,J012530.85-102739.8,8/25/2017 1:25:30 AM,-10:27:39.8,21.37854,-10.46106,3.352,18.02,N-rich_QSO
151.668644781931,39.8538666101825,15.88616,J100643.89+395222.7,8/25/2017 10:06:43 AM,+39:52:22.7,151.6829,39.87297,1.705,18.89,N-rich_QSO
151.665892411977,39.8556075379788,10.88474,J100643.89+395222.7,8/25/2017 10:06:43 AM,+39:52:22.7,151.6829,39.87297,1.705,18.89,N-rich_QSO
152.811918227672,34.2521429211306,16.85256,J101111.22+341548.6,8/25/2017 10:11:11 AM,+34:15:48.6,152.7968,34.2635,2.412,18.33,N-rich_QSO
24.3626389299009,-8.40740291865185,14.64875,J013724.43-082419.9,8/25/2017 1:37:24 AM,-08:24:19.9,24.35179,-8.405528,2.566,18.44,N-rich_QSO
142.644391103256,46.7354617371371,16.7487,J093035.07+464408.4,8/25/2017 9:30:35 AM,+46:44:08.4,142.6461,46.73567,2.033,18.7,N-rich_QSO
142.641041363467,46.7375632423638,15.22748,J093035.07+464408.4,8/25/2017 9:30:35 AM,+46:44:08.4,142.6461,46.73567,2.033,18.7,N-rich_QSO
136.186908351011,52.493540282014,15.50326,J090440.58+523028.4,8/25/2017 9:04:40 AM,+52:30:28.4,136.1691,52.50789,1.766,17.94,N-rich_QSO
136.174691183805,52.4985115029276,14.83609,J090440.58+523028.4,8/25/2017 9:04:40 AM,+52:30:28.4,136.1691,52.50789,1.766,17.94,N-rich_QSO
26.3368837935632,13.9323238873677,16.34576,J014517.82+135602.2,8/25/2017 1:45:17 AM,+13:56:02.2,26.32425,13.93394,1.948,18.75,N-rich_QSO
26.2881248031439,12.8524895659008,16.88905,J014504.35+125214.1,8/25/2017 1:45:04 AM,+12:52:14.1,26.26813,12.87058,2.384,19.47,N-rich_QSO
140.775244639022,46.204113192058,16.2983,J092307.83+461210.1,8/25/2017 9:23:07 AM,+46:12:10.1,140.7826,46.2028,1.772,18.93,N-rich_QSO
147.326782198738,35.1787968128685,15.06528,J094917.82+350938.2,8/25/2017 9:49:17 AM,+35:09:38.2,147.3242,35.16061,1.853,18.88,N-rich_QSO
147.321177473006,35.1681342842032,14.04339,J094917.82+350938.2,8/25/2017 9:49:17 AM,+35:09:38.2,147.3242,35.16061,1.853,18.88,N-rich_QSO
147.30682131276,35.1618112896557,16.81335,J094917.82+350938.2,8/25/2017 9:49:17 AM,+35:09:38.2,147.3242,35.16061,1.853,18.88,N-rich_QSO
143.884251166908,36.5369751850627,14.93549,J093531.83+363317.6,8/25/2017 9:35:31 AM,+36:33:17.6,143.8826,36.55489,2.857,18.35,N-rich_QSO
150.785148750812,10.8304383218362,12.64591,J100308.64+105048.6,8/25/2017 10:03:08 AM,+10:50:48.6,150.786,10.84683,2.122,19.36,N-rich_QSO
150.766487484192,10.8315265352746,12.25463,J100308.64+105048.6,8/25/2017 10:03:08 AM,+10:50:48.6,150.786,10.84683,2.122,19.36,N-rich_QSO
28.741226829259,1.10881030273104,15.65798,J015500.44+010600.2,8/25/2017 1:55:00 AM,+01:06:00.2,28.75183,1.100056,2.562,19.75,N-rich_QSO
28.7637816041448,1.09538873194632,15.59627,J015500.44+010600.2,8/25/2017 1:55:00 AM,+01:06:00.2,28.75183,1.100056,2.562,19.75,N-rich_QSO
142.980778208261,34.6541803775363,15.75044,J093152.76+343920.6,8/25/2017 9:31:52 AM,+34:39:20.6,142.9698,34.65572,2.305,19.45,N-rich_QSO
30.0837599620991,-8.73527300836533,10.65584,J020022.01-084512.0,8/25/2017 2:00:22 AM,-08:45:12.0,30.09171,-8.753333,1.943,18.28,N-rich_QSO
142.957561896167,34.6537115200961,16.73919,J093152.76+343920.6,8/25/2017 9:31:52 AM,+34:39:20.6,142.9698,34.65572,2.305,19.45,N-rich_QSO
30.0946250821069,-8.7729615896376,15.03891,J020022.01-084512.0,8/25/2017 2:00:22 AM,-08:45:12.0,30.09171,-8.753333,1.943,18.28,N-rich_QSO
139.148278979462,39.1303245053547,16.81027,J091639.78+390833.8,8/25/2017 9:16:39 AM,+39:08:33.8,139.1658,39.14272,1.875,19.04,N-rich_QSO
139.14634715722,39.1312053908078,10.87269,J091639.78+390833.8,8/25/2017 9:16:39 AM,+39:08:33.8,139.1658,39.14272,1.875,19.04,N-rich_QSO
135.607251649204,41.4239185811692,16.47383,J090221.10+412524.8,8/25/2017 9:02:21 AM,+41:25:24.8,135.5879,41.42356,2.939,19.68,N-rich_QSO
135.588144841304,41.4326854520523,16.53522,J090221.10+412524.8,8/25/2017 9:02:21 AM,+41:25:24.8,135.5879,41.42356,2.939,19.68,N-rich_QSO
135.594740968652,41.4247980739947,15.4062,J090221.10+412524.8,8/25/2017 9:02:21 AM,+41:25:24.8,135.5879,41.42356,2.939,19.68,N-rich_QSO
141.243454472041,32.4375841025342,16.72717,J092502.71+322639.6,8/25/2017 9:25:02 AM,+32:26:39.6,141.2613,32.44433,2.14,18.58,N-rich_QSO
146.960482994327,11.2450629495937,16.9685,J094745.85+111354.0,8/25/2017 9:47:45 AM,+11:13:54.0,146.941,11.23167,1.773,18.26,N-rich_QSO
145.245631140043,5.81844115394564,15.95861,J094054.56+054903.5,8/25/2017 9:40:54 AM,+05:49:03.5,145.2273,5.817639,3.235,18.69,N-rich_QSO
145.218723825145,5.83326096281824,15.8335,J094054.56+054903.5,8/25/2017 9:40:54 AM,+05:49:03.5,145.2273,5.817639,3.235,18.69,N-rich_QSO
144.870007305806,5.66956645477683,16.02056,J093927.94+054056.8,8/25/2017 9:39:27 AM,+05:40:56.8,144.8664,5.682445,1.84,18.96,N-rich_QSO
144.851345362537,5.70048569201984,16.74604,J093927.94+054056.8,8/25/2017 9:39:27 AM,+05:40:56.8,144.8664,5.682445,1.84,18.96,N-rich_QSO
133.410961564318,37.0817179959938,15.86815,J085343.32+370402.3,8/25/2017 8:53:43 AM,+37:04:02.3,133.4305,37.06731,2.641,19.09,N-rich_QSO
131.825647904189,38.5011761262626,16.05626,J084715.16+383110.0,8/25/2017 8:47:15 AM,+38:31:10.0,131.8132,38.51944,3.182,18.24,N-rich_QSO
131.820824869213,38.5048413016465,15.74234,J084715.16+383110.0,8/25/2017 8:47:15 AM,+38:31:10.0,131.8132,38.51944,3.182,18.24,N-rich_QSO
143.500222871279,8.69602340945115,15.2732,J093355.72+084043.0,8/25/2017 9:33:55 AM,+08:40:43.0,143.4822,8.678611,2.629,19.17,N-rich_QSO
138.002088483031,27.8127530310476,12.40007,J091159.25+274742.3,8/25/2017 9:11:59 AM,+27:47:42.3,137.9969,27.79508,3.183,20.09,N-rich_QSO
137.999444850654,27.8110799727774,16.60019,J091159.25+274742.3,8/25/2017 9:11:59 AM,+27:47:42.3,137.9969,27.79508,3.183,20.09,N-rich_QSO
38.2001366272968,-0.227055842733787,12.45935,J023252.80-001351.1,8/25/2017 2:32:52 AM,-00:13:51.1,38.22,-0.2308611,2.033,18.65,N-rich_QSO
38.2038554399666,-0.228562232698011,16.69859,J023252.80-001351.1,8/25/2017 2:32:52 AM,-00:13:51.1,38.22,-0.2308611,2.033,18.65,N-rich_QSO
122.672505435546,42.3191940025058,16.89148,J081038.17+421821.0,8/25/2017 8:10:38 AM,+42:18:21.0,122.659,42.30583,1.992,18.78,N-rich_QSO
122.663814278553,42.2875868441583,15.96387,J081038.17+421821.0,8/25/2017 8:10:38 AM,+42:18:21.0,122.659,42.30583,1.992,18.78,N-rich_QSO
122.642906338867,42.2947010424431,16.9724,J081038.17+421821.0,8/25/2017 8:10:38 AM,+42:18:21.0,122.659,42.30583,1.992,18.78,N-rich_QSO
140.282167926893,3.68272887775228,13.4251,J092104.30+034150.5,8/25/2017 9:21:04 AM,+03:41:50.5,140.2679,3.697361,3.14,18.79,N-rich_QSO
134.459396038812,26.6077088729619,15.84207,J085750.12+263634.3,8/25/2017 8:57:50 AM,+26:36:34.3,134.4588,26.60953,2.139,18.09,N-rich_QSO
119.179814137531,41.967172919575,15.28133,J075646.71+415851.8,8/25/2017 7:56:46 AM,+41:58:51.8,119.1946,41.98106,2.25,18.46,N-rich_QSO
40.5175434839592,-0.656437335863909,16.90639,J024204.58-003835.7,8/25/2017 2:42:04 AM,-00:38:35.7,40.51908,-0.64325,2.288,19.79,N-rich_QSO
40.5266853440508,-0.658060514975146,16.01766,J024204.58-003835.7,8/25/2017 2:42:04 AM,-00:38:35.7,40.51908,-0.64325,2.288,19.79,N-rich_QSO
40.5348321759252,-0.62748930784629,16.87916,J024204.58-003835.7,8/25/2017 2:42:04 AM,-00:38:35.7,40.51908,-0.64325,2.288,19.79,N-rich_QSO
116.340623933702,41.9763563210818,16.09646,J074520.21+415725.4,8/25/2017 7:45:20 AM,+41:57:25.4,116.3342,41.95705,2.845,19.02,N-rich_QSO
116.346565510646,41.9697366110266,16.62929,J074520.21+415725.4,8/25/2017 7:45:20 AM,+41:57:25.4,116.3342,41.95705,2.845,19.02,N-rich_QSO
116.347086564015,41.9686387364006,13.09141,J074520.21+415725.4,8/25/2017 7:45:20 AM,+41:57:25.4,116.3342,41.95705,2.845,19.02,N-rich_QSO
116.333672996696,41.9629682494331,16.77962,J074520.21+415725.4,8/25/2017 7:45:20 AM,+41:57:25.4,116.3342,41.95705,2.845,19.02,N-rich_QSO
116.32268090222,41.9470344362202,14.83463,J074520.21+415725.4,8/25/2017 7:45:20 AM,+41:57:25.4,116.3342,41.95705,2.845,19.02,N-rich_QSO
137.646290200948,1.03279320013985,14.01463,J091031.35+010151.9,8/25/2017 9:10:31 AM,+01:01:51.9,137.6306,1.031083,2.013,18.61,N-rich_QSO
114.809081220313,41.4801504226805,13.81598,J073912.95+412737.4,8/25/2017 7:39:12 AM,+41:27:37.4,114.804,41.46039,3.094,19.55,N-rich_QSO
114.793474798192,41.4433476009317,14.71857,J073912.95+412737.4,8/25/2017 7:39:12 AM,+41:27:37.4,114.804,41.46039,3.094,19.55,N-rich_QSO
136.684992809114,1.73764380101639,16.27538,J090642.39+014503.1,8/25/2017 9:06:42 AM,+01:45:03.1,136.6766,1.750861,2.357,19.51,N-rich_QSO
136.670639248017,1.73813431622872,15.47808,J090642.39+014503.1,8/25/2017 9:06:42 AM,+01:45:03.1,136.6766,1.750861,2.357,19.51,N-rich_QSO
123.419987147411,34.7194445038921,16.80717,J081342.09+344235.2,8/25/2017 8:13:42 AM,+34:42:35.2,123.4254,34.70978,2.245,18.32,N-rich_QSO
123.415179004412,34.7127686573627,16.0984,J081342.09+344235.2,8/25/2017 8:13:42 AM,+34:42:35.2,123.4254,34.70978,2.245,18.32,N-rich_QSO
128.141269620606,28.8817341562287,16.34543,J083234.75+285205.9,8/25/2017 8:32:34 AM,+28:52:05.9,128.1448,28.86831,2.362,18.81,N-rich_QSO
128.133981653277,28.8837018554751,14.45933,J083234.75+285205.9,8/25/2017 8:32:34 AM,+28:52:05.9,128.1448,28.86831,2.362,18.81,N-rich_QSO
43.784193304649,0.255195508361235,16.92374,J025505.93+001446.7,8/25/2017 2:55:05 AM,+00:14:46.7,43.77471,0.2463056,2.299,19.21,N-rich_QSO
43.7938029450972,0.229226618123423,15.22312,J025505.93+001446.7,8/25/2017 2:55:05 AM,+00:14:46.7,43.77471,0.2463056,2.299,19.21,N-rich_QSO
116.535427491576,36.7617777967762,16.69476,J074606.63+364544.4,8/25/2017 7:46:06 AM,+36:45:44.4,116.5276,36.76233,1.87,19.08,N-rich_QSO
133.886434699174,4.72324475163382,16.72393,J085530.98+044237.4,8/25/2017 8:55:30 AM,+04:42:37.4,133.8791,4.710389,1.774,18.94,N-rich_QSO
133.871817741774,4.70110235106206,16.57208,J085530.98+044237.4,8/25/2017 8:55:30 AM,+04:42:37.4,133.8791,4.710389,1.774,18.94,N-rich_QSO
118.847061653314,34.3787677236487,15.58448,J075524.11+342134.5,8/25/2017 7:55:24 AM,+34:21:34.5,118.8505,34.35958,2.126,17.12,N-rich_QSO
118.835083686293,34.3684174927166,16.78705,J075524.11+342134.5,8/25/2017 7:55:24 AM,+34:21:34.5,118.8505,34.35958,2.126,17.12,N-rich_QSO
48.0221779329941,-6.50604843912394,16.40192,J031200.70-063007.1,8/25/2017 3:12:00 AM,-06:30:07.1,48.00292,-6.501972,2.041,18.93,N-rich_QSO
115.567076461742,34.5503077637553,16.72339,J074220.27+343213.3,8/25/2017 7:42:20 AM,+34:32:13.3,115.5845,34.53703,1.724,19.77,N-rich_QSO
115.571308910291,34.5292128979071,16.9003,J074220.27+343213.3,8/25/2017 7:42:20 AM,+34:32:13.3,115.5845,34.53703,1.724,19.77,N-rich_QSO
124.124077108764,25.5656035150499,16.61969,J081626.72+253249.3,8/25/2017 8:16:26 AM,+25:32:49.3,124.1113,25.54703,2.51,18.56,N-rich_QSO
124.100769978068,25.5444567022975,14.25248,J081626.72+253249.3,8/25/2017 8:16:26 AM,+25:32:49.3,124.1113,25.54703,2.51,18.56,N-rich_QSO
48.4415875713103,-1.05964562691934,11.34379,J031348.34-010433.0,8/25/2017 3:13:48 AM,-01:04:33.0,48.45142,-1.075833,2.468,18.91,N-rich_QSO
48.4590537605309,-1.09321139256894,16.48843,J031348.34-010433.0,8/25/2017 3:13:48 AM,-01:04:33.0,48.45142,-1.075833,2.468,18.91,N-rich_QSO
48.46088498442,-1.07305096063544,15.59862,J031348.34-010433.0,8/25/2017 3:13:48 AM,-01:04:33.0,48.45142,-1.075833,2.468,18.91,N-rich_QSO
130.309474315667,8.64178505152161,11.41853,J084117.24+083753.4,8/25/2017 8:41:17 AM,+08:37:53.4,130.3218,8.6315,1.746,18.11,N-rich_QSO
124.293847494803,23.886468469072,15.99026,J081710.54+235223.9,8/25/2017 8:17:10 AM,+23:52:23.9,124.2939,23.87331,1.732,18.61,N-rich_QSO
130.608403690862,3.11739428697589,16.54372,J084226.21+030723.5,8/25/2017 8:42:26 AM,+03:07:23.5,130.6092,3.123194,1.829,19.05,N-rich_QSO
130.605467015924,3.13241586727125,15.38212,J084226.21+030723.5,8/25/2017 8:42:26 AM,+03:07:23.5,130.6092,3.123194,1.829,19.05,N-rich_QSO
130.600746262004,3.13008770017304,15.56462,J084226.21+030723.5,8/25/2017 8:42:26 AM,+03:07:23.5,130.6092,3.123194,1.829,19.05,N-rich_QSO
130.591399768233,3.11726360142239,16.93009,J084226.21+030723.5,8/25/2017 8:42:26 AM,+03:07:23.5,130.6092,3.123194,1.829,19.05,N-rich_QSO
130.081245521523,6.97624161888249,15.46323,J084023.97+065844.8,8/25/2017 8:40:23 AM,+06:58:44.8,130.0999,6.979111,1.987,18.38,N-rich_QSO
130.226045392283,5.79296044315832,16.04662,J084057.02+054733.4,8/25/2017 8:40:57 AM,+05:47:33.4,130.2376,5.792611,1.742,18.15,N-rich_QSO
129.937865974285,3.47705682229944,15.28186,J083941.94+032914.4,8/25/2017 8:39:41 AM,+03:29:14.4,129.9247,3.487333,1.83,19.6,N-rich_QSO
129.933972211997,3.50515305969725,14.82761,J083941.94+032914.4,8/25/2017 8:39:41 AM,+03:29:14.4,129.9247,3.487333,1.83,19.6,N-rich_QSO
129.911622582743,3.48760138111445,16.11703,J083941.94+032914.4,8/25/2017 8:39:41 AM,+03:29:14.4,129.9247,3.487333,1.83,19.6,N-rich_QSO
129.90743962201,3.49601088133343,16.52014,J083941.94+032914.4,8/25/2017 8:39:41 AM,+03:29:14.4,129.9247,3.487333,1.83,19.6,N-rich_QSO
124.536114017453,20.0548809899277,16.9615,J081805.14+200235.4,8/25/2017 8:18:05 AM,+20:02:35.4,124.5214,20.04317,1.777,18.71,N-rich_QSO
124.525130624257,20.0462229241081,15.19519,J081805.14+200235.4,8/25/2017 8:18:05 AM,+20:02:35.4,124.5214,20.04317,1.777,18.71,N-rich_QSO
124.514323798479,20.0271205787216,16.95603,J081805.14+200235.4,8/25/2017 8:18:05 AM,+20:02:35.4,124.5214,20.04317,1.777,18.71,N-rich_QSO
124.123770263451,20.4893315145311,16.67358,J081630.09+202831.5,8/25/2017 8:16:30 AM,+20:28:31.5,124.1254,20.47542,2.315,18.74,N-rich_QSO
124.131566861266,20.4637218362076,15.74841,J081630.09+202831.5,8/25/2017 8:16:30 AM,+20:28:31.5,124.1254,20.47542,2.315,18.74,N-rich_QSO
124.125283626653,20.4724322891315,14.94076,J081630.09+202831.5,8/25/2017 8:16:30 AM,+20:28:31.5,124.1254,20.47542,2.315,18.74,N-rich_QSO
124.107314633897,20.4890957305248,15.93768,J081630.09+202831.5,8/25/2017 8:16:30 AM,+20:28:31.5,124.1254,20.47542,2.315,18.74,N-rich_QSO
128.219537099854,6.97383904536171,16.34711,J083251.03+065738.5,8/25/2017 8:32:51 AM,+06:57:38.5,128.2126,6.960694,3.426,20.04,N-rich_QSO
128.213488781343,6.97630952560696,15.20549,J083251.03+065738.5,8/25/2017 8:32:51 AM,+06:57:38.5,128.2126,6.960694,3.426,20.04,N-rich_QSO
128.19390450908,6.96900847191654,12.69508,J083251.03+065738.5,8/25/2017 8:32:51 AM,+06:57:38.5,128.2126,6.960694,3.426,20.04,N-rich_QSO
118.14135646013,27.455035788583,14.38135,J075230.44+272619.8,8/25/2017 7:52:30 AM,+27:26:19.8,118.1268,27.43883,1.708,18.25,N-rich_QSO
119.11710068319,25.4903164484897,12.61976,J075623.51+252917.9,8/25/2017 7:56:23 AM,+25:29:17.9,119.098,25.48831,1.958,18.44,N-rich_QSO
119.113386976772,25.4869499504941,15.07055,J075623.51+252917.9,8/25/2017 7:56:23 AM,+25:29:17.9,119.098,25.48831,1.958,18.44,N-rich_QSO
119.101415670599,25.4938708936117,15.69479,J075623.51+252917.9,8/25/2017 7:56:23 AM,+25:29:17.9,119.098,25.48831,1.958,18.44,N-rich_QSO
119.089524954331,25.4762141673353,15.97703,J075623.51+252917.9,8/25/2017 7:56:23 AM,+25:29:17.9,119.098,25.48831,1.958,18.44,N-rich_QSO
119.08375566088,25.4715375794165,16.71248,J075623.51+252917.9,8/25/2017 7:56:23 AM,+25:29:17.9,119.098,25.48831,1.958,18.44,N-rich_QSO
115.150833853249,28.9916728074021,16.30047,J074033.26+285838.8,8/25/2017 7:40:33 AM,+28:58:38.8,115.1386,28.97744,2.039,18.91,N-rich_QSO
120.683893068943,21.9941203767273,15.94029,J080244.40+215845.3,8/25/2017 8:02:44 AM,+21:58:45.3,120.685,21.97925,2.068,18.62,N-rich_QSO
120.695339736995,21.976595053457,14.96612,J080244.40+215845.3,8/25/2017 8:02:44 AM,+21:58:45.3,120.685,21.97925,2.068,18.62,N-rich_QSO
120.696760877191,21.9597525163735,15.57971,J080244.40+215845.3,8/25/2017 8:02:44 AM,+21:58:45.3,120.685,21.97925,2.068,18.62,N-rich_QSO
125.697398837535,7.21587872766366,16.19796,J082247.75+071154.7,8/25/2017 8:22:47 AM,+07:11:54.7,125.699,7.198528,1.703,18.85,N-rich_QSO
125.050795954404,8.22271143204874,15.98608,J082016.11+081215.9,8/25/2017 8:20:16 AM,+08:12:15.9,125.0671,8.204416,2.024,19.04,N-rich_QSO
125.055351424384,8.19681826156212,16.12484,J082016.11+081215.9,8/25/2017 8:20:16 AM,+08:12:15.9,125.0671,8.204416,2.024,19.04,N-rich_QSO
119.131691524768,20.9157330566609,15.575,J075627.70+205413.9,8/25/2017 7:56:27 AM,+20:54:13.9,119.1154,20.90386,2.211,19.1,N-rich_QSO
119.126451290397,20.9152856746105,16.24977,J075627.70+205413.9,8/25/2017 7:56:27 AM,+20:54:13.9,119.1154,20.90386,2.211,19.1,N-rich_QSO
119.135143460892,20.8852418227326,16.94716,J075627.70+205413.9,8/25/2017 7:56:27 AM,+20:54:13.9,119.1154,20.90386,2.211,19.1,N-rich_QSO
119.117887981337,20.9084635801215,12.78632,J075627.70+205413.9,8/25/2017 7:56:27 AM,+20:54:13.9,119.1154,20.90386,2.211,19.1,N-rich_QSO
119.119654697461,20.9005357704599,16.73778,J075627.70+205413.9,8/25/2017 7:56:27 AM,+20:54:13.9,119.1154,20.90386,2.211,19.1,N-rich_QSO
119.097232320153,20.9234486493889,15.66134,J075627.70+205413.9,8/25/2017 7:56:27 AM,+20:54:13.9,119.1154,20.90386,2.211,19.1,N-rich_QSO
120.871001585,17.6986410737093,15.90338,J080325.04+174239.0,8/25/2017 8:03:25 AM,+17:42:39.0,120.8543,17.71083,2.092,18.25,N-rich_QSO
120.856924648071,17.7164634266123,16.67726,J080325.04+174239.0,8/25/2017 8:03:25 AM,+17:42:39.0,120.8543,17.71083,2.092,18.25,N-rich_QSO
124.115582301644,6.75860672216159,12.22071,J081625.40+064535.1,8/25/2017 8:16:25 AM,+06:45:35.1,124.1058,6.75975,1.946,18.79,N-rich_QSO
124.110559479086,6.77713539932863,16.49504,J081625.40+064535.1,8/25/2017 8:16:25 AM,+06:45:35.1,124.1058,6.75975,1.946,18.79,N-rich_QSO
124.106052058231,6.74489668287382,15.50632,J081625.40+064535.1,8/25/2017 8:16:25 AM,+06:45:35.1,124.1058,6.75975,1.946,18.79,N-rich_QSO
124.090016712964,6.77792995290905,15.55205,J081625.40+064535.1,8/25/2017 8:16:25 AM,+06:45:35.1,124.1058,6.75975,1.946,18.79,N-rich_QSO
123.336330360081,0.509883517662182,16.49923,J081322.09+003018.6,8/25/2017 8:13:22 AM,+00:30:18.6,123.342,0.5051666,2.695,19.49,N-rich_QSO
123.331533287243,0.4975603023818,16.15138,J081322.09+003018.6,8/25/2017 8:13:22 AM,+00:30:18.6,123.342,0.5051666,2.695,19.49,N-rich_QSO
116.183621618839,21.3489767320874,16.1894,J074447.27+212000.4,8/25/2017 7:44:47 AM,+21:20:00.4,116.197,21.33344,2.502,19.96,N-rich_QSO
116.198139874723,21.3172611727349,12.921,J074447.27+212000.4,8/25/2017 7:44:47 AM,+21:20:00.4,116.197,21.33344,2.502,19.96,N-rich_QSO
121.813100063749,6.91197782024768,14.03165,J080712.05+065344.2,8/25/2017 8:07:12 AM,+06:53:44.2,121.8002,6.895611,1.786,19.09,N-rich_QSO
121.805743622907,6.90572911435439,16.01841,J080712.05+065344.2,8/25/2017 8:07:12 AM,+06:53:44.2,121.8002,6.895611,1.786,19.09,N-rich_QSO
121.803304910342,6.90567117819437,15.59421,J080712.05+065344.2,8/25/2017 8:07:12 AM,+06:53:44.2,121.8002,6.895611,1.786,19.09,N-rich_QSO
121.783170872288,6.91283428888242,15.64407,J080712.05+065344.2,8/25/2017 8:07:12 AM,+06:53:44.2,121.8002,6.895611,1.786,19.09,N-rich_QSO
121.787027633848,6.87585894731348,15.49844,J080712.05+065344.2,8/25/2017 8:07:12 AM,+06:53:44.2,121.8002,6.895611,1.786,19.09,N-rich_QSO
121.785315612142,6.87821496867473,14.39872,J080712.05+065344.2,8/25/2017 8:07:12 AM,+06:53:44.2,121.8002,6.895611,1.786,19.09,N-rich_QSO
59.3376194372219,-5.46104512241891,15.02306,J035722.94-052837.1,8/25/2017 3:57:22 AM,-05:28:37.1,59.34558,-5.476972,2.289,19.09,N-rich_QSO
59.3490744022885,-5.45790694544989,16.04674,J035722.94-052837.1,8/25/2017 3:57:22 AM,-05:28:37.1,59.34558,-5.476972,2.289,19.09,N-rich_QSO